classification,title
DEV,프로그래머스 문제 풀기
DEV,Git commit 하기
DEV,백준 알고리즘 문제 풀기
DEV,장고 스터디 시작하기
DEV,자바 스터디 시작하기
DEV,리액트 스터디 시작하기
DEV,백엔드 프로젝트 시작하기
DEV,백엔드 프로젝트 시작하기
DEV,백엔드 프로젝트 구상하기
DEV,프론트엔드 프로젝트 시작하기
DEV,프론트엔드 프로젝트 구상하기
DEV,파이썬 장고 서버 프로젝트 하기
DEV,IT 뉴스 확인하기
DEV,최신 논문 읽기
DEV,리눅스마스터 1급 1차 접수하기
DEV,최신 논문 읽기
DEV,도커 이미지 만들기
DEV,Mysql query 예제 풀기
DEV,MariaDB query 예제 풀기
DEV,‘정렬‘ 알고리즘 정리하기
DEV,‘이진 검색’ 알고리즘 정리하기
DEV,‘비트 조작’ 알고리즘 정리하기
DEV,‘슬라이딩 윈도우’ 알고리즘 정리하기
DEV,‘본할정복’ 알고리즘 정리하기
DEV,‘그리디’ 알고리즘 정리하기
DEV,‘다이나믹 프로그래밍’ 알고리즘 정리하기
DEV,‘정렬‘ 알고리즘 예제 풀기
DEV,‘이진 검색’ 알고리즘 예제 풀기
DEV,‘비트 조작’ 알고리즘 예제 풀기
DEV,‘슬라이딩 윈도우’ 알고리즘 예제 풀기
DEV,‘본할정복’ 알고리즘 예제 풀기
DEV,‘그리디 알고리즘’ 알고리즘 예제 풀기
DEV,‘다이나믹 프로그래밍’ 알고리즘 예제 풀기
DEV,‘배열’ 자료구조 정리하기
DEV,‘큐’ 자료구조 정리하기
DEV,‘스택’ 자료구조 정리하기
DEV,‘데크’ 자료구조 정리하기
DEV,‘우선 순위 큐’ 자료구조 정리하기
DEV,‘연결 리스트’ 자료구조 정리하기
DEV,‘해시 테이블’ 자료구조 정리하기
DEV,그래프 자료구조 정리하기
DEV,최단경로 자료구조 정리하기
DEV,트리 자료구조 정리하기
DEV,힙 자료구조 정리하기
DEV,트라이 자료구조 정리하기
DEV,배열 자료구조 예제 풀기
DEV,큐 자료구조 예제 풀기
DEV,스택 자료구조 예제 풀기
DEV,데크 자료구조 예제 풀기
DEV,우선 순위 큐 자료구조 예제 풀기
DEV,연결 리스트 자료구조 예제 풀기
DEV,해시테이블 자료구조 예제 풀기
DEV,그래프 자료구조 예제 풀기
DEV,최단경로문제 자료구조 예제 풀기
DEV,트리 자료구조 예제 풀기
DEV,힙 자료구조 예제 풀기
DEV,트라이 자료구조 예제 풀기
DIET,닭가슴살 사기
DIET,샐러드 먹기
DIET,식단 세우기
DIET,운동 계획 만들기
DIET,가벼운 달리기
DIET,필요 열량 계산하기
DIET,수영
DIET,줄넘기
DIET,유산소 운동
DIET,물 마시기
DIET,흰색 탄수화물 줄이기
